{
    "$schema": "http://json-schema.org/draft-07/schema#",
    "type": "object",
    "properties": {
        "remarksDef": {
            "properties": {
                "$remarks": {
                    "type": "array",
                    "items": {
                        "type": "string"
                    }
                }
            }
        },
        "stateModelDef": {
            "$id": "stateModelDef",
            "type": "object",
            "properties": {
                "triggers": {
                    "type": "object",
                    "properties": {
                        "onDataReceived": {
                            "$comment": "Triggered when data is received from the source.",
                            "additionalProperties": false,
                            "anyOf": [
                                {
                                    "type": "object"
                                },
                                {
                                    "type": "string"
                                }
                            ],
                            "required": [
                                "setObjectAtIndex"
                            ]
                        }
                    },
                    "anyOf": [
                        {
                            "required": [
                                "onDataReceived"
                            ]
                        }
                    ],
                    "additionalProperties": false,
                    "required": []
                }
            },
            "additionalProperties": false
        },
        "sources": {
            "$comment": "The data sources that the application uses to retrieve data. This can be a URL, a database, etc.",
            "type": "object",
            "properties": {},
            "patternProperties": {
                "^.*$": {
                    "$comment": "The name of the source.",
                    "type": "object",
                    "properties": {
                        "description": {
                            "$comment": "A description of the source.",
                            "type": "string"
                        },
                        "objectDefinition": {
                            "$comment": "The structure of the object retrieved from the data source.",
                            "properties": {
                                "schema": {
                                    "$comment": "The JSON schema that defines the structure of the object retrieved from the data source.",
                                    "type": "object",
                                    "$ref": "http://json-schema.org/draft-07/schema#",
                                    "additionalProperties": false
                                }
                            },
                            "additionalProperties": false,
                            "required": [
                                "schema"
                            ]
                        },
                        "$remarks": {
                            "$comment": "Remarks about the source. Intended for documentation purposes.",
                            "type": "array",
                            "items": {
                                "type": "string"
                            }
                        },
                        "type": {
                            "$comment": "The type of the data. This can be an object, an array, etc.",
                            "type": "string",
                            "pattern": "^[Uu][Rr][Ll]?$"
                        },
                        "responseType": {
                            "$comment": "The type of the response. This can be JSON, XML, etc.",
                            "type": "string",
                            "pattern": "^[Jj][Ss][Oo][Nn]$"
                        },
                        "url": {
                            "$comment": "The URL of the endpoint.",
                            "type": "string"
                        }
                    },
                    "if": {
                        "properties": {
                            "type": {
                                "pattern": "[Uu][Rr][Ll]"
                            }
                        }
                    },
                    "then": {
                        "required": [
                            "url",
                            "responseType"
                        ]
                    },
                    "additionalProperties": false,
                    "required": [
                        "description"
                    ]
                }
            },
            "additionalProperties": false,
            "required": []
        },
        "metadata": {
            "$comment": "Metadata about the application such as the name, version, description, state model, etc.",
            "type": "object",
            "properties": {
                "actionDefinitions": {
                    "type": "object"
                },
                "stateModel": {
                    "$comment": "The state model of the application. This is a JSON object that defines the states of the application and the transitions between them.",
                    "type": "object",
                    "properties": {},
                    "patternProperties": {
                        "^.*$": {
                            "$comment": "The name of the state.",
                            "properties": {
                                "defaultValue": {
                                    "anyOf": [
                                        {
                                            "type": "string"
                                        },
                                        {
                                            "type": "number"
                                        },
                                        {
                                            "type": "boolean"
                                        },
                                        {
                                            "type": "object"
                                        },
                                        {
                                            "type": "array"
                                        },
                                        {
                                            "type": "null"
                                        }
                                    ]
                                },
                                "description": {
                                    "$comment": "A description of the state.",
                                    "type": "string"
                                },
                                "metadata": {
                                    "$comment": "Metadata about the state such as the data that it holds, the transitions to other states, etc.",
                                    "type": "object",
                                    "$ref": "#/properties/stateModelDef",
                                    "additionalProperties": false
                                }
                            },
                            "required": [
                                "description",
                                "metadata"
                            ],
                            "additionalProperties": false
                        }
                    }
                }
            },
            "additionalProperties": false,
            "required": [
                "stateModel"
            ]
        },
        "apiResources": {
            "type": "object",
            "properties": {
                "schemas": {
                    "$comment": "The JSON schemas that define the structure of the given API resources.",
                    "type": "object"
                },
                "endpoints": {
                    "$comment": "The endpoints of the API resources.",
                    "type": "object",
                    "patternProperties": {
                        "^.*$": {
                            "type": "object",
                            "properties": {
                                "description": {
                                    "$comment": "A description of the endpoint.",
                                    "type": "string"
                                },
                                "data": {
                                    "$comment": "The data that the endpoint returns.",
                                    "type": "object",
                                    "properties": {
                                        "$remarks": {
                                            "type": "array",
                                            "items": {
                                                "type": "string"
                                            }
                                        }
                                    },
                                    "patternProperties": {
                                        "^.*$": {
                                            "type": "string",
                                            "minLength": 1
                                        }
                                    },
                                    "additionalProperties": true
                                }
                            },
                            "required": [
                                "data",
                                "description"
                            ],
                            "additionalProperties": false
                        }
                    }
                }
            },
            "additionalProperties": false
        }
    },
    "additionalProperties": true
}